{
  "type": "minecraft:stonecutting",
  "ingredient": "minecraft:goat_horn",
  "result": {
    "count": 1,
    "id": "minecraft:goat_horn",
    "components": {
      "minecraft:instrument": {
        "sound_event": {
          "sound_id": "custom:horn.otherealm.gay_por"
        },
        "use_duration": 7.0, 
        "range": 256.0,
        "description": "Gay-por"
      },
      "minecraft:item_model": "custom:custom_horn",
      "minecraft:custom_model_data":{"floats":[1]}
    }
  },
  "group": "custom horns"
}