{
  "type": "minecraft:smithing_transform",
  "base": "minecraft:leather_leggings",
  "addition": "minecraft:red_wool",
  "template": "minecraft:blue_wool",
  "result": {
    "id": "minecraft:leather_leggings",
    "components": {
      "minecraft:equippable": {
        "slot": "legs",
        "asset_id": "custom:merican_shorts"
      },
      "minecraft:item_model": "custom:merican_shorts",
      "minecraft:item_name": "`MERICAAAA",
      "minecraft:rarity": "rare",
      "minecraft:enchantment_glint_override": false,
      "minecraft:lore": [
        "*5 eagle screech sound fx*"
      ]
    }
  }
}