{
  "type": "minecraft:stonecutting",
  "ingredient": "minecraft:goat_horn",
  "result": {
    "count": 1,
    "id": "minecraft:goat_horn",
    "components": {
      "minecraft:instrument": {
        "sound_event": {
          "sound_id": "custom:horn.lego_brick_break"
        },
        "use_duration": 0.1, 
        "range": 256.0,
        "description": "Lego brick break"
      },
      "minecraft:item_model": "custom:custom_void_horn"
    }
  },
  "group": "custom horns"
}
