{
    "type": "minecraft:crafting_shaped",
    "pattern": [
        " # ",
        "#C#",
        " # "
    ],
    "key": {
        "#": "minecraft:wolf_armor",
        "C": "#minecraft:creeper_drop_music_discs"
    },
    "result": {
        "id": "minecraft:music_disc_11",
        "count": 1,
        "components": {
            "item_model":"custom:music_disc_dog",
            "minecraft:jukebox_playable": {
                "song": "custom:dog"
            }
        }
    }
}