{
    "type": "minecraft:crafting_shaped",
    "pattern": [
        " F ",
        "FCF",
        " F "
    ],
    "key": {
        "F": "minecraft:flint_and_steel",
        "C": "#minecraft:creeper_drop_music_discs"
    },
    "result": {
        "id": "minecraft:music_disc_11",
        "count": 1,
        "components": {
            "minecraft:item_model": "custom:music_disc_flint_n_steel",
            "minecraft:jukebox_playable": {
                "song": "custom:flint_n_steel"
            }
        }
    }
}