{
    "type": "minecraft:crafting_shaped",
    "pattern": [
        "XXX",
        "XC#",
        "###"
    ],
    "key": {
        "X": "minecraft:cyan_concrete",
        "#": "minecraft:blue_concrete",
        "C": "#minecraft:creeper_drop_music_discs"
    },
    "result": {
        "id": "minecraft:music_disc_11",
        "count": 1,
        "components": {
            "minecraft:item_model": "custom:music_disc_gameshow",
            "minecraft:jukebox_playable": "custom:gameshow"
        }
    }
}