{
    "type": "minecraft:crafting_shaped",
    "pattern": [
        " L ",
        "ACA",
        " A "
    ],
    "key": {
        "A": "minecraft:cake",
        "L": "#minecraft:candles",
        "C": "#minecraft:creeper_drop_music_discs"
    },
    "result": {
        "id": "minecraft:music_disc_11",
        "count": 1,
        "components": {
            "minecraft:item_model": "custom:music_disc_happy_birthday",
            "minecraft:jukebox_playable": {
                "song": "custom:happy_birthday"
            }
        }
    }
}