{
    "type": "minecraft:crafting_shaped",
    "pattern": [
        "W#W",
        "#C#",
        "W#W"
    ],
    "key": {
        "#": "minecraft:yellow_concrete",
        "W": "minecraft:red_concrete",
        "C": "#minecraft:creeper_drop_music_discs"
    },
    "result": {
        "id": "minecraft:music_disc_11",
        "count": 1,
        "components": {
            "minecraft:item_model": "custom:music_disc_mcdonalds",
            "minecraft:jukebox_playable": "custom:mcdonalds"
        }
    }
}