{
  "type": "minecraft:smithing_transform",
  "base": "minecraft:leather_boots",
  "addition": "#minecraft:wool",
  "template": "minecraft:string",
  "result": {
    "id": "minecraft:leather_boots",
    "components": {
      "minecraft:equippable": {
        "slot": "feet",
        "equip_sound" : {
          "sound_id": "custom:horn.uwu"
        },
        "asset_id": "custom:maid"
      },
      "minecraft:item_model": "custom:maid_boots",
      "minecraft:item_name": "Maid Boots",
      "minecraft:rarity": "epic",
      "minecraft:enchantment_glint_override": false
    }
  }
}