{
  "type": "minecraft:smithing_transform",
  "base": "minecraft:leather_chestplate",
  "addition": "#minecraft:wool",
  "template": "minecraft:string",
  "result": {
    "id": "minecraft:leather_chestplate",
    "components": {
      "minecraft:equippable": {
        "slot": "chest",
        "equip_sound" : {
          "sound_id": "custom:horn.uwu"
        },
        "asset_id": "custom:maid"
      },
      "minecraft:item_model": "custom:maid_chestplate",
      "minecraft:item_name": "Maid Chestplate",
      "minecraft:rarity": "epic",
      "minecraft:enchantment_glint_override": false,
      "minecraft:lore": [
        "I swear its still just a joke"
      ]
    }
  }
}